instrument,datetime,$open,$high,$low,$close,$volume,$vwap,$change,$factor
SH600161,2020-01-02,12.540698,12.6753025,12.293886,12.500317,19489472.0,,-0.0028604441,0.5384192
SH600161,2020-01-03,12.473396,12.585548,12.446474,12.495794,8890582.0,,-0.0003617798,0.5384192
SH600161,2020-01-06,12.491325,12.585548,12.069582,12.168274,19071252.0,,-0.02621042,0.5384192
SH600161,2020-01-07,12.186204,12.594541,12.186204,12.527239,15414003.0,,0.029500047,0.5384192
SH600161,2020-01-08,12.370181,12.370181,12.361189,12.370181,9819626.0,,-0.012537297,0.5384192
SH600161,2020-01-09,12.509254,12.563096,12.365711,12.450944,10866818.0,,0.006528828,0.5384192
SH600161,2020-01-10,12.509254,12.554158,12.383641,12.473396,7954360.0,,0.0018032681,0.5384192
SH600161,2020-01-13,12.648381,12.648381,12.648381,12.648381,12339714.0,,0.014028712,0.5384192
SH600161,2020-01-14,12.648381,12.648381,12.648381,12.648381,12817045.0,,0.0,0.5384192
SH600161,2020-01-15,12.666311,12.823368,12.621461,12.67078,7676095.0,,0.0017708911,0.5384192
SH600161,2020-01-16,12.715684,12.715684,12.473395,12.572088,8303549.0,,-0.007789008,0.5384192
SH600161,2020-01-17,12.549636,13.088056,12.509254,13.034213,17781276.0,,0.03675804,0.5384192
SH600161,2020-01-20,13.505329,13.846364,13.061134,13.47394,33131420.0,,0.033736322,0.5384192
SH600161,2020-01-21,13.693777,14.218736,13.630997,14.218736,48610160.0,,0.055276785,0.5384192
SH600161,2020-01-22,14.38026,14.407182,13.559172,13.720696,31328740.0,,-0.035026945,0.5384192
SH600161,2020-01-23,13.895684,14.411705,13.752142,14.052741,36885920.0,,0.024200259,0.5384192
SH600161,2020-02-03,15.160969,15.160969,12.742605,13.954048,53597220.0,,-0.007023029,0.5384192
SH600161,2020-02-04,13.909143,14.052741,13.415629,13.787999,42441596.0,,-0.011899698,0.5384192
SH600161,2020-02-05,14.272578,15.165492,14.021351,14.954593,73218664.0,,0.08460934,0.5384192
SH600161,2020-02-06,15.255192,16.448706,15.030887,16.448706,83417700.0,,0.09990994,0.5384192
SH600161,2020-02-07,16.596771,16.955734,15.084729,15.757752,76595780.0,,-0.042006496,0.5384192
SH600161,2020-02-10,15.973121,16.789686,15.793612,16.444237,61963284.0,,0.043564882,0.5384192
SH600161,2020-02-11,16.107725,16.305109,15.389796,15.910286,37193252.0,,-0.032470424,0.5384192
SH600161,2020-02-12,16.06282,16.318571,15.771214,16.175028,26759282.0,,0.016639661,0.5384192
SH600161,2020-02-13,16.175028,16.502548,15.793612,16.058353,36264344.0,,-0.0072132978,0.5384192
SH600161,2020-02-14,17.66462,17.66462,17.449251,17.66462,86037736.0,,0.100026846,0.5384192
SH600161,2020-02-17,16.646145,17.126198,16.188488,16.892902,77772550.0,,-0.043687176,0.5384192
SH600161,2020-02-18,16.673065,16.673065,16.053883,16.224346,54741284.0,,-0.03957607,0.5384192
SH600161,2020-02-19,16.264729,16.264729,15.484021,15.493012,47154212.0,,-0.045076385,0.5384192
SH600161,2020-02-20,15.502004,15.860913,15.4167185,15.75323,33236728.0,,0.016795853,0.5384192
SH600161,2020-02-21,15.829524,15.919279,15.573775,15.865437,25486666.0,,0.0071227555,0.5384192
SH600161,2020-02-24,16.013502,16.282711,15.793611,15.896826,28301858.0,,0.0019784593,0.5384192
SH600161,2020-02-25,15.703912,16.28718,15.605165,16.148108,40524536.0,,0.015806967,0.5384192
SH600161,2020-02-26,16.06282,16.06282,15.524402,15.524402,31156216.0,,-0.038624056,0.5384192
SH600161,2020-02-27,15.434701,15.9641285,15.434701,15.614156,14581871.0,,0.0057815467,0.5384192
SH600161,2020-02-28,15.300097,15.919279,15.286636,15.537863,26011280.0,,-0.0048862007,0.5384192
SH600161,2020-03-02,15.484021,15.766691,15.389797,15.703911,21591876.0,,0.010686731,0.5384192
SH600161,2020-03-03,15.838516,16.305109,15.672467,15.905818,44497450.0,,0.012857112,0.5384192
SH600161,2020-03-04,15.910286,16.188488,15.703911,15.910286,28761088.0,,0.0002808941,0.5384192
SH600161,2020-03-05,16.07628,16.152575,15.748761,15.896826,23950808.0,,-0.00084600114,0.5384192
SH600161,2020-03-06,15.793612,16.031431,15.659007,15.690452,25436668.0,,-0.012982138,0.5384192
SH600161,2020-03-09,15.591704,15.730832,15.14304,15.165492,28993880.0,,-0.033457235,0.5384192
SH600161,2020-03-10,14.985983,15.331487,14.671923,15.223803,41079284.0,,0.003844939,0.5384192
SH600161,2020-03-11,15.327018,15.4885435,15.035356,15.035356,16122692.0,,-0.012378434,0.5384192
SH600161,2020-03-12,14.990505,14.990505,14.425166,14.613613,19945814.0,,-0.028050078,0.5384192
SH600161,2020-03-13,13.909144,14.743694,13.792522,14.429634,19908488.0,,-0.012589562,0.5384192
SH600161,2020-03-16,14.532848,14.878299,13.931596,13.9988985,21183566.0,,-0.029850734,0.5384192
SH600161,2020-03-17,14.178353,15.223803,13.913667,15.1565,40853428.0,,0.0826923,0.5384192
SH600161,2020-03-18,15.349417,15.829524,15.286636,15.304565,35279348.0,,0.009769105,0.5384192
SH600161,2020-03-19,15.152032,15.434701,13.913667,14.523858,30393380.0,,-0.051011417,0.5384192
SH600161,2020-03-20,14.627072,15.730831,14.443095,15.694919,33506990.0,,0.08063018,0.5384192
SH600161,2020-03-23,15.318026,15.838515,15.165491,15.546854,29093124.0,,-0.009433973,0.5384192
SH600161,2020-03-24,15.502004,15.771214,15.255192,15.43917,22009042.0,,-0.0069264206,0.5384192
SH600161,2020-03-25,15.524402,16.219877,15.331486,16.157043,31430414.0,,0.046496984,0.5384192
SH600161,2020-03-26,15.928216,16.466635,15.928216,16.309631,29657320.0,,0.009444042,0.5384192
SH600161,2020-03-27,16.412792,16.435246,15.851975,15.874373,20247112.0,,-0.026687209,0.5384192
SH600161,2020-03-30,15.816063,16.058352,15.479551,15.685927,15306825.0,,-0.01187107,0.5384192
SH600161,2020-03-31,15.793612,16.399334,15.726309,16.323093,19516022.0,,0.0406202,0.5384192
SH600161,2020-04-01,16.197426,16.55192,15.8878355,16.103203,18067566.0,,-0.013471127,0.5384192
SH600161,2020-04-02,16.017971,16.143583,15.703911,16.000042,17362508.0,,-0.006406284,0.5384192
SH600161,2020-04-03,16.000042,16.58778,15.950668,16.017971,17106062.0,,0.0011206239,0.5384192
SH600161,2020-04-07,16.148106,16.677534,16.040422,16.367943,26471924.0,,0.02184867,0.5384192
SH600161,2020-04-08,16.24233,16.394865,16.053883,16.350014,15935173.0,,-0.0010953728,0.5384192
SH600161,2020-04-09,16.358952,17.1262,16.291649,16.996117,32451736.0,,0.039516985,0.5384192
SH600161,2020-04-10,16.955734,17.355026,16.399332,16.471157,31171920.0,,-0.030887002,0.5384192
SH600161,2020-04-13,16.51154,16.915354,16.197426,16.592302,16188407.0,,0.0073549896,0.5384192
SH600161,2020-04-14,16.60124,16.60124,15.479551,16.197426,47053624.0,,-0.023798816,0.5384192
SH600161,2020-04-15,16.215408,16.53846,15.914756,16.085274,20293178.0,,-0.0069241207,0.5384192
SH600161,2020-04-16,16.058352,16.735844,15.896826,16.33203,28530860.0,,0.015340568,0.5384192
SH600161,2020-04-17,16.197426,16.323093,15.569306,15.609688,40291028.0,,-0.04422859,0.5384192
SH600161,2020-04-20,15.560314,15.811594,15.443639,15.636609,17929310.0,,0.0017246514,0.5384192
SH600161,2020-04-21,15.667998,15.833993,15.246254,15.358407,17995396.0,,-0.017791701,0.5384192
SH600161,2020-04-22,15.219334,15.506473,15.075737,15.448162,20583574.0,,0.005844034,0.5384192
SH600161,2020-04-23,15.537862,16.017971,15.537862,15.730831,21312186.0,,0.018297952,0.5384192
SH600161,2020-04-24,15.618626,15.703911,15.1565,15.1565,17290232.0,,-0.036509942,0.5384192
SH600161,2020-04-27,15.255192,15.973121,14.914212,15.484021,36517090.0,,0.021609278,0.5384192
SH600161,2020-04-28,15.591703,15.887835,15.13857,15.676989,24113290.0,,0.012462406,0.5384192
SH600161,2020-04-29,15.659006,15.838515,15.434701,15.502004,12537882.0,,-0.011161945,0.5384192
SH600161,2020-04-30,15.497481,15.609688,15.210342,15.291105,19104270.0,,-0.013604577,0.5384192
SH600161,2020-05-06,15.255192,15.466091,15.044347,15.466091,13308523.0,,0.011443625,0.5384192
SH600161,2020-05-07,15.389797,15.919278,15.291104,15.919278,25246502.0,,0.02930201,0.5384192
SH600161,2020-05-08,15.919278,16.06282,15.712849,15.757752,17201998.0,,-0.010146538,0.5384192
SH600161,2020-05-11,15.793612,15.883367,15.39432,15.421242,18619830.0,,-0.02135528,0.5384192
SH600161,2020-05-12,15.479551,15.636609,15.291104,15.542385,12048963.0,,0.007855603,0.5384192
SH600161,2020-05-13,15.506472,15.825055,15.313557,15.641076,22209576.0,,0.006349848,0.5384192
SH600161,2020-05-14,15.587235,15.816063,15.4167185,15.605164,13204864.0,,-0.0022960382,0.5384192
SH600161,2020-05-15,15.605165,15.838516,15.380859,15.448162,16777276.0,,-0.010060911,0.5384192
SH600161,2020-05-18,15.569306,15.690451,15.20135,15.564784,22378152.0,,0.007549235,0.5384192
SH600161,2020-05-19,15.681458,16.848051,15.582767,16.677534,59610730.0,,0.07149158,0.5384192
SH600161,2020-05-20,16.556389,16.996117,16.421785,16.637152,41332770.0,,-0.0024213663,0.5384192
SH600161,2020-05-21,16.704456,16.892902,16.421785,16.49808,26954844.0,,-0.008359131,0.5384192
SH600161,2020-05-22,16.533937,16.668543,15.825056,15.950668,22689456.0,,-0.033180315,0.5384192
SH600161,2020-05-25,16.013502,16.33203,15.883366,16.224346,16828080.0,,0.017157806,0.5384192
SH600161,2020-05-26,16.376936,17.031977,16.166037,16.79421,26236196.0,,0.03512393,0.5384192
SH600161,2020-05-27,16.88391,17.18004,16.646145,16.888433,25481012.0,,0.0056104395,0.5384192
SH600161,2020-05-28,16.879442,16.996117,16.367943,16.897371,21524634.0,,0.0005292846,0.5384192
SH600161,2020-05-29,16.785217,17.673609,16.704454,17.274263,35323164.0,,0.022304809,0.5384191
SH600161,2020-06-01,17.543474,17.839603,17.346088,17.521074,29752830.0,,0.01428771,0.5384191
SH600161,2020-06-02,17.534536,17.633228,17.157642,17.265326,18535046.0,,-0.014596562,0.5384192
SH600161,2020-06-03,17.229414,18.319714,17.229414,17.91143,27424084.0,,0.037422072,0.5384192
SH600161,2020-06-04,17.92489,18.80876,17.799223,18.579931,30009178.0,,0.0373226,0.5384192
SH600161,2020-06-05,18.642765,19.024128,18.409468,18.710068,19746400.0,,0.0070040845,0.5384192
SH600161,2020-06-08,18.719059,18.880583,18.144726,18.25241,25684170.0,,-0.024460439,0.5384192
SH600161,2020-06-09,18.319714,18.777369,18.095352,18.400475,16443064.0,,0.008112047,0.5384192
SH600161,2020-06-10,18.396006,18.79083,18.189577,18.620314,17353128.0,,0.011947409,0.5384192
SH600161,2020-06-11,18.584454,18.750448,18.342165,18.467777,18928356.0,,-0.008191934,0.5384192
SH600161,2020-06-12,18.378023,19.001726,18.247942,18.7729,24898920.0,,0.016521866,0.5384192
SH600161,2020-06-15,19.08249,19.517694,18.611374,18.777369,22893042.0,,0.00023810429,0.5384192
SH600161,2020-06-16,18.82222,19.36064,18.597912,19.311317,18897104.0,,0.028435789,0.5384192
SH600161,2020-06-17,19.961891,20.931046,19.854208,20.361237,55336924.0,,0.054368023,0.5384192
SH600161,2020-06-18,20.136877,20.136877,19.019657,19.576006,41325908.0,,-0.038564995,0.5384192
SH600161,2020-06-19,19.302326,20.24456,19.208103,19.876657,28459498.0,,0.0153582,0.5384191
SH600161,2020-06-22,19.89906,20.17726,19.32026,19.643309,28301434.0,,-0.011739827,0.5384192
SH600161,2020-06-23,19.508705,19.93944,19.36064,19.759985,19815300.0,,0.0059397486,0.5384192
SH600161,2020-06-24,19.759983,20.222109,19.436932,19.688211,24501450.0,,-0.0036322696,0.5384192
SH600161,2020-06-29,19.786905,20.630445,19.768976,20.262491,32734208.0,,0.029168686,0.5384192
SH600161,2020-06-30,20.181728,20.630447,19.970884,20.338785,21442208.0,,0.003765328,0.5384192
SH600161,2020-07-01,20.347776,20.406088,19.293337,19.522165,29761754.0,,-0.040150926,0.5384192
SH600161,2020-07-02,19.383091,20.002274,19.257479,19.607449,28869616.0,,0.0043685785,0.5384192
SH600161,2020-07-03,19.607449,19.908049,19.29786,19.737532,21834760.0,,0.0066343118,0.5384192
SH600161,2020-07-06,19.737532,19.742054,18.956825,19.212572,49203640.0,,-0.026596947,0.5384192
SH600161,2020-07-07,19.05557,19.6523,18.840202,19.378622,36736916.0,,0.008642723,0.5384192
SH600161,2020-07-08,19.38309,19.504234,19.16772,19.42794,22237118.0,,0.0025450287,0.5384192
SH600161,2020-07-09,19.445923,20.464397,19.38309,20.271482,37959420.0,,0.043418977,0.5384192
SH600161,2020-07-10,20.325323,21.088102,20.226631,20.899656,34735588.0,,0.030988026,0.5384192
SH600161,2020-07-13,20.899656,21.828428,20.688757,21.55922,40740436.0,,0.031558577,0.5384192
SH600161,2020-07-14,21.756603,21.8329,20.971428,21.33039,35595692.0,,-0.01061389,0.5384192
SH600161,2020-07-15,21.655712,22.281225,21.191969,21.704243,31715434.0,,0.017526697,0.53923583
SH600161,2020-07-16,21.569433,21.569433,19.601223,19.655148,41512730.0,,-0.09440992,0.53923583
SH600161,2020-07-17,19.768387,20.571848,19.531124,20.286053,23103454.0,,0.032098714,0.53923583
SH600161,2020-07-20,20.48557,20.588024,19.50416,20.124283,22466646.0,,-0.007974462,0.53923583
SH600161,2020-07-21,20.14046,21.121868,19.957119,20.987059,29281040.0,,0.042872414,0.53923583
SH600161,2020-07-22,21.294424,23.084688,21.165007,23.079294,73714330.0,,0.099691704,0.53923583
SH600161,2020-07-23,23.149395,25.387224,23.149395,25.32791,84824500.0,,0.09742995,0.53923583
SH600161,2020-07-24,25.867144,25.867144,22.793499,22.793499,83174510.0,,-0.10006388,0.53923583
SH600161,2020-07-27,22.173378,23.7803,21.930721,22.734184,50226896.0,,-0.0026023327,0.53923583
SH600161,2020-07-28,22.755753,22.960663,21.957685,22.788107,35887750.0,,0.0023718802,0.53923583
SH600161,2020-07-29,22.847422,25.069077,22.847422,25.069077,53188696.0,,0.100094736,0.53923583
SH600161,2020-07-30,26.142155,27.107388,25.344086,26.422556,99306940.0,,0.053990066,0.53923583
SH600161,2020-07-31,26.115192,26.961792,25.53821,26.762276,59449252.0,,0.012857164,0.53923583
SH600161,2020-08-03,26.961792,27.905455,25.72155,27.0265,63412676.0,,0.009873018,0.53923583
SH600161,2020-08-04,26.837769,28.843727,26.314709,26.719135,77875990.0,,-0.011372699,0.53923583
SH600161,2020-08-05,25.51125,28.137327,25.160746,27.538774,70370000.0,,0.030676095,0.53923583
SH600161,2020-08-06,27.646622,27.813786,25.931852,26.584328,47762570.0,,-0.03465832,0.53923583
SH600161,2020-08-07,26.584328,27.436321,25.236238,25.87793,56625930.0,,-0.02657196,0.53923583
SH600161,2020-08-10,25.398008,27.635838,25.117607,26.967184,52730612.0,,0.042092033,0.53923583
SH600161,2020-08-11,26.622074,28.498613,26.611288,27.495638,52180990.0,,0.019596148,0.53923583
SH600161,2020-08-12,27.495638,27.630445,24.912697,25.629879,51781300.0,,-0.0678565,0.53923583
SH600161,2020-08-13,25.980383,26.0397,24.59994,24.891127,29664652.0,,-0.028823879,0.53923583
SH600161,2020-08-14,25.074467,25.30634,24.389637,24.982798,25536400.0,,0.0036828853,0.53923583
SH600161,2020-08-17,24.982798,25.392616,24.616117,25.117607,25713770.0,,0.0053960714,0.53923583
SH600161,2020-08-18,24.912697,25.991169,24.869556,25.381832,33811108.0,,0.01051949,0.53923583
SH600161,2020-08-19,25.338694,25.338694,23.942072,24.055311,35552236.0,,-0.052262567,0.53923583
SH600161,2020-08-20,24.136196,24.400423,23.510683,23.7803,25085244.0,,-0.011432462,0.53923583
SH600161,2020-08-21,23.93668,24.21169,23.61853,23.834225,15175132.0,,0.0022676256,0.53923583
SH600161,2020-08-24,24.179337,24.362677,23.397444,23.812654,17994248.0,,-0.0009049981,0.53923583
SH600161,2020-08-25,23.995995,24.184727,23.386658,23.45676,18233346.0,,-0.014945649,0.53923583
SH600161,2020-08-26,23.61853,23.839617,22.922915,23.160181,19852370.0,,-0.01264366,0.53923583
SH600161,2020-08-27,23.133219,23.365091,22.696438,23.294989,19616364.0,,0.005820722,0.53923583
SH600161,2020-08-28,23.305775,23.564608,22.820461,23.316559,23648514.0,,0.0009259471,0.53923583
SH600161,2020-08-31,23.45676,23.656277,22.825855,22.825855,19294738.0,,-0.021045323,0.53923583
SH600161,2020-09-01,22.890562,23.402838,22.701828,23.197927,14492677.0,,0.016300462,0.53923583
SH600161,2020-09-02,23.359697,23.402838,22.615551,22.755753,17389304.0,,-0.019060895,0.53923583
SH600161,2020-09-03,22.593983,23.160181,22.44839,22.637121,15522358.0,,-0.005213299,0.53923583
SH600161,2020-09-04,22.604767,22.604767,21.957685,22.405249,18415934.0,,-0.01024298,0.53923583
SH600161,2020-09-07,22.583199,23.176357,21.855228,22.043962,23494696.0,,-0.016125107,0.53923583
SH600161,2020-09-08,22.017,22.265049,21.574825,21.984646,16012307.0,,-0.0026908172,0.53923583
SH600161,2020-09-09,21.704243,21.860622,20.59881,21.008629,29531574.0,,-0.04439542,0.53923583
SH600161,2020-09-10,21.154222,21.882193,21.073338,21.315992,19086176.0,,0.014630383,0.53923583
SH600161,2020-09-11,21.33217,22.043962,21.326778,21.612574,12454867.0,,0.013913561,0.53923583
SH600161,2020-09-14,21.871407,22.167986,21.55865,21.682673,15955821.0,,0.0032434443,0.53923583
SH600161,2020-09-15,21.682673,21.919939,21.315992,21.828268,13269359.0,,0.006714759,0.53923583
SH600161,2020-09-16,21.892975,22.038568,21.369917,21.715029,11916967.0,,-0.0051877243,0.53923583
SH600161,2020-09-17,21.725813,21.839052,21.170399,21.440016,12625047.0,,-0.012664568,0.53923583
SH600161,2020-09-18,21.472372,21.903759,21.326778,21.78513,13443785.0,,0.01609666,0.53923583
SH600161,2020-09-21,22.027784,22.24887,21.81209,22.000822,12892125.0,,0.009900933,0.53923583
SH600161,2020-09-22,22.000822,22.685652,21.666496,21.720419,24224492.0,,-0.012745109,0.53923583
SH600161,2020-09-23,21.736597,22.777323,21.569433,22.556236,28303666.0,,0.038480714,0.53923583
SH600161,2020-09-24,22.453781,22.728792,22.216518,22.44839,22323322.0,,-0.0047812755,0.53923583
SH600161,2020-09-25,22.453781,23.036156,22.356718,22.491528,22403074.0,,0.0019216434,0.53923583
